{"initial_reset_timestamp": 1583149274.5555518, "timestamps": [1583149274.573293, 1583149274.5742006, 1583149274.5748754], "episode_lengths": [1, 1, 1], "episode_rewards": [-1.0, 0.0, 0.0], "episode_types": ["t", "t", "t"]}